Listes candidates,Total période (durée),Nom du media,Type de media,Durée en seconde,Durée en minute,Temps total,Couleur
ALLIANCE RURALE,00:20:23,BFMTV,TV info continue,1223,20.383333333333333,159919,Autres
BESOIN D?EUROPE,07:55:17,BFMTV,TV info continue,28517,475.28333333333336,159919,Centriste et Liberaux
CHANGER L?EUROPE,00:19:42,BFMTV,TV info continue,1182,19.7,159919,Sociaux Democrate
DEFENDRE LES ENFANTS,00:02:05,BFMTV,TV info continue,125,2.0833333333333335,159919,Autres
DEMOCRATIE REPRESENTATIVE,00:02:00,BFMTV,TV info continue,120,2.0,159919,Autres
ECOLOGIE POSITIVE ET TERRITOIRES,00:04:20,BFMTV,TV info continue,260,4.333333333333333,159919,Ecologiste et Regionaliste
ESPERANTO LANGUE COMMUNE,00:03:09,BFMTV,TV info continue,189,3.15,159919,Autres
EUROPE ECOLOGIE,03:17:46,BFMTV,TV info continue,11866,197.76666666666668,159919,Ecologiste et Regionaliste
FORTERESSE EUROPE - LISTE D?UNITE NATIONALISTE,00:02:10,BFMTV,TV info continue,130,2.1666666666666665,159919,Extreme droite - Divers
FRANCE LIBRE,00:05:54,BFMTV,TV info continue,354,5.9,159919,Extreme droite - Divers
FREE PALESTINE,00:02:00,BFMTV,TV info continue,120,2.0,159919,Autres
GAUCHE UNIE POUR LE MONDE DU TRAVAIL SOUTENUE PAR FABIEN ROUSSEL,01:09:32,BFMTV,TV info continue,4172,69.53333333333333,159919,gauche radicale
LA DROITE POUR FAIRE ENTENDRE LA VOIX DE LA FRANCE EN EUROPE,03:46:20,BFMTV,TV info continue,13580,226.33333333333334,159919,Les conservateurs
LA FRANCE INSOUMISE - UNION POPULAIRE,04:31:06,BFMTV,TV info continue,16266,271.1,159919,gauche radicale
LA FRANCE REVIENT! AVEC JORDAN BARDELLA ET MARINE LE PEN,10:59:14,BFMTV,TV info continue,39554,659.2333333333333,159919,Extreme droite - Divers
LA RUCHE CITOYENNE,00:02:34,BFMTV,TV info continue,154,2.566666666666667,159919,Autres
LIBERTE DEMOCRATIQUE FRANCAISE,00:01:59,BFMTV,TV info continue,119,1.9833333333333334,159919,Autres
"LISTE ASSELINEAU-FREXIT, POUR LE POUVOIR D?ACHAT ET POUR LA PAIX",00:20:44,BFMTV,TV info continue,1244,20.733333333333334,159919,Autres
LUTTE OUVRIERE LE CAMP DES TRAVAILLEURS,00:12:21,BFMTV,TV info continue,741,12.35,159919,gauche radicale
"NON A L?UE ET A L?OTAN, COMMUNISTES POUR LA PAIX ET LE PROGRES SOCIAL",00:02:21,BFMTV,TV info continue,141,2.35,159919,gauche radicale
NON! PRENONS-NOUS EN MAINS,00:02:07,BFMTV,TV info continue,127,2.1166666666666667,159919,Extreme droite - Divers
NOUS LE PEUPLE,00:02:11,BFMTV,TV info continue,131,2.183333333333333,159919,Autres
"PACE - PARTI DES CITOYENS EUROPEENS, POUR L?ARMEE EUROPEENNE, POUR L?EUROPE SOCIALE, POUR LA PLANETE!",00:02:20,BFMTV,TV info continue,140,2.3333333333333335,159919,Sociaux Democrate
PAIX ET DECROISSANCE,00:02:00,BFMTV,TV info continue,120,2.0,159919,Autres
"PARTI ANIMALISTE - LES ANIMAUX COMPTENT, VOTRE VOIX AUSSI",00:35:22,BFMTV,TV info continue,2122,35.36666666666667,159919,Autres
PARTI PIRATE,00:03:09,BFMTV,TV info continue,189,3.15,159919,Autres
PARTI REVOLUTIONNAIRE COMMUNISTES,00:02:22,BFMTV,TV info continue,142,2.3666666666666667,159919,gauche radicale
"POUR UN MONDE SANS FRONTIERES NI PATRONS, URGENCE REVOLUTION!",00:12:29,BFMTV,TV info continue,749,12.483333333333333,159919,gauche radicale
POUR UNE AUTRE EUROPE,00:02:00,BFMTV,TV info continue,120,2.0,159919,Autres
POUR UNE DEMOCRATIE REELLE: DECIDONS NOUS-MEMES!,00:02:24,BFMTV,TV info continue,144,2.4,159919,Autres
POUR UNE HUMANITE SOUVERAINE,00:02:01,BFMTV,TV info continue,121,2.0166666666666666,159919,Autres
REVEILLER L?EUROPE,04:11:10,BFMTV,TV info continue,15070,251.16666666666666,159919,Sociaux Democrate
ALLIANCE RURALE,00:10:19,C8,TV généraliste,619,10.316666666666666,45402,Autres
BESOIN D?EUROPE,02:47:16,C8,TV généraliste,10036,167.26666666666668,45402,Centriste et Liberaux
CHANGER L?EUROPE,00:02:35,C8,TV généraliste,155,2.5833333333333335,45402,Sociaux Democrate
ECOLOGIE POSITIVE ET TERRITOIRES,00:00:42,C8,TV généraliste,42,0.7,45402,Ecologiste et Regionaliste
EUROPE ECOLOGIE,00:56:40,C8,TV généraliste,3400,56.666666666666664,45402,Ecologiste et Regionaliste
FRANCE LIBRE,00:00:51,C8,TV généraliste,51,0.85,45402,Extreme droite - Divers
GAUCHE UNIE POUR LE MONDE DU TRAVAIL SOUTENUE PAR FABIEN ROUSSEL,00:24:30,C8,TV généraliste,1470,24.5,45402,gauche radicale
LA DROITE POUR FAIRE ENTENDRE LA VOIX DE LA FRANCE EN EUROPE,01:02:48,C8,TV généraliste,3768,62.8,45402,Les conservateurs
LA FRANCE INSOUMISE - UNION POPULAIRE,01:24:32,C8,TV généraliste,5072,84.53333333333333,45402,gauche radicale
LA FRANCE REVIENT! AVEC JORDAN BARDELLA ET MARINE LE PEN,02:38:07,C8,TV généraliste,9487,158.11666666666667,45402,Extreme droite - Divers
"LISTE ASSELINEAU-FREXIT, POUR LE POUVOIR D?ACHAT ET POUR LA PAIX",00:09:36,C8,TV généraliste,576,9.6,45402,Autres
LUTTE OUVRIERE LE CAMP DES TRAVAILLEURS,00:10:14,C8,TV généraliste,614,10.233333333333333,45402,gauche radicale
NOUS LE PEUPLE,00:00:34,C8,TV généraliste,34,0.5666666666666667,45402,Autres
"PACE - PARTI DES CITOYENS EUROPEENS, POUR L?ARMEE EUROPEENNE, POUR L?EUROPE SOCIALE, POUR LA PLANETE!",00:00:34,C8,TV généraliste,34,0.5666666666666667,45402,Sociaux Democrate
"PARTI ANIMALISTE - LES ANIMAUX COMPTENT, VOTRE VOIX AUSSI",00:10:02,C8,TV généraliste,602,10.033333333333333,45402,Autres
PARTI PIRATE,00:03:29,C8,TV généraliste,209,3.4833333333333334,45402,Autres
"POUR UN MONDE SANS FRONTIERES NI PATRONS, URGENCE REVOLUTION!",00:03:04,C8,TV généraliste,184,3.066666666666667,45402,gauche radicale
REVEILLER L?EUROPE,01:18:52,C8,TV généraliste,4732,78.86666666666666,45402,Sociaux Democrate
ALLIANCE RURALE,00:16:15,Cnews,TV info continue,975,16.25,94860,Autres
BESOIN D?EUROPE,04:18:16,Cnews,TV info continue,15496,258.26666666666665,94860,Centriste et Liberaux
DEFENDRE LES ENFANTS,00:00:58,Cnews,TV info continue,58,0.9666666666666667,94860,Autres
DEMOCRATIE REPRESENTATIVE,00:00:52,Cnews,TV info continue,52,0.8666666666666667,94860,Autres
ECOLOGIE POSITIVE ET TERRITOIRES,00:04:35,Cnews,TV info continue,275,4.583333333333333,94860,Ecologiste et Regionaliste
ESPERANTO LANGUE COMMUNE,00:05:21,Cnews,TV info continue,321,5.35,94860,Autres
EUROPE ECOLOGIE,01:49:28,Cnews,TV info continue,6568,109.46666666666667,94860,Ecologiste et Regionaliste
FORTERESSE EUROPE - LISTE D?UNITE NATIONALISTE,00:00:55,Cnews,TV info continue,55,0.9166666666666666,94860,Extreme droite - Divers
FRANCE LIBRE,00:01:01,Cnews,TV info continue,61,1.0166666666666666,94860,Extreme droite - Divers
FREE PALESTINE,00:00:39,Cnews,TV info continue,39,0.65,94860,Autres
GAUCHE UNIE POUR LE MONDE DU TRAVAIL SOUTENUE PAR FABIEN ROUSSEL,01:18:32,Cnews,TV info continue,4712,78.53333333333333,94860,gauche radicale
LA DROITE POUR FAIRE ENTENDRE LA VOIX DE LA FRANCE EN EUROPE,02:24:45,Cnews,TV info continue,8685,144.75,94860,Les conservateurs
LA FRANCE INSOUMISE - UNION POPULAIRE,03:01:38,Cnews,TV info continue,10898,181.63333333333333,94860,gauche radicale
LA FRANCE REVIENT! AVEC JORDAN BARDELLA ET MARINE LE PEN,06:17:30,Cnews,TV info continue,22650,377.5,94860,Extreme droite - Divers
LA RUCHE CITOYENNE,00:01:04,Cnews,TV info continue,64,1.0666666666666667,94860,Autres
LIBERTE DEMOCRATIQUE FRANCAISE,00:01:04,Cnews,TV info continue,64,1.0666666666666667,94860,Autres
"LISTE ASSELINEAU-FREXIT, POUR LE POUVOIR D?ACHAT ET POUR LA PAIX",00:14:35,Cnews,TV info continue,875,14.583333333333334,94860,Autres
LUTTE OUVRIERE LE CAMP DES TRAVAILLEURS,00:14:19,Cnews,TV info continue,859,14.316666666666666,94860,gauche radicale
NON! PRENONS-NOUS EN MAINS,00:01:02,Cnews,TV info continue,62,1.0333333333333334,94860,Extreme droite - Divers
NOUS LE PEUPLE,00:05:41,Cnews,TV info continue,341,5.683333333333334,94860,Autres
"PACE - PARTI DES CITOYENS EUROPEENS, POUR L?ARMEE EUROPEENNE, POUR L?EUROPE SOCIALE, POUR LA PLANETE!",00:00:59,Cnews,TV info continue,59,0.9833333333333333,94860,Sociaux Democrate
PAIX ET DECROISSANCE,00:00:58,Cnews,TV info continue,58,0.9666666666666667,94860,Autres
"PARTI ANIMALISTE - LES ANIMAUX COMPTENT, VOTRE VOIX AUSSI",00:15:48,Cnews,TV info continue,948,15.8,94860,Autres
PARTI PIRATE,00:04:24,Cnews,TV info continue,264,4.4,94860,Autres
"POUR UN MONDE SANS FRONTIERES NI PATRONS, URGENCE REVOLUTION!",00:04:38,Cnews,TV info continue,278,4.633333333333334,94860,gauche radicale
POUR UNE AUTRE EUROPE,00:01:00,Cnews,TV info continue,60,1.0,94860,Autres
POUR UNE DEMOCRATIE REELLE: DECIDONS NOUS-MEMES!,00:01:22,Cnews,TV info continue,82,1.3666666666666667,94860,Autres
POUR UNE HUMANITE SOUVERAINE,00:00:58,Cnews,TV info continue,58,0.9666666666666667,94860,Autres
REVEILLER L?EUROPE,03:12:09,Cnews,TV info continue,11529,192.15,94860,Sociaux Democrate
BESOIN D?EUROPE,00:07:00,Euronews,TV info continue,420,7.0,6254,Centriste et Liberaux
EUROPE ECOLOGIE,00:14:00,Euronews,TV info continue,840,14.0,6254,Ecologiste et Regionaliste
LA DROITE POUR FAIRE ENTENDRE LA VOIX DE LA FRANCE EN EUROPE,00:03:58,Euronews,TV info continue,238,3.966666666666667,6254,Les conservateurs
LA FRANCE REVIENT! AVEC JORDAN BARDELLA ET MARINE LE PEN,00:09:55,Euronews,TV info continue,595,9.916666666666666,6254,Extreme droite - Divers
ALLIANCE RURALE,00:03:29,Europe1,radio,209,3.4833333333333334,74632,Autres
BESOIN D?EUROPE,04:29:22,Europe1,radio,16162,269.3666666666667,74632,Centriste et Liberaux
CHANGER L?EUROPE,00:05:18,Europe1,radio,318,5.3,74632,Sociaux Democrate
DEFENDRE LES ENFANTS,00:00:33,Europe1,radio,33,0.55,74632,Autres
ECOLOGIE POSITIVE ET TERRITOIRES,00:00:34,Europe1,radio,34,0.5666666666666667,74632,Ecologiste et Regionaliste
ESPERANTO LANGUE COMMUNE,00:00:35,Europe1,radio,35,0.5833333333333334,74632,Autres
EUROPE ECOLOGIE,01:03:19,Europe1,radio,3799,63.31666666666667,74632,Ecologiste et Regionaliste
FORTERESSE EUROPE - LISTE D?UNITE NATIONALISTE,00:00:39,Europe1,radio,39,0.65,74632,Extreme droite - Divers
FRANCE LIBRE,00:00:27,Europe1,radio,27,0.45,74632,Extreme droite - Divers
FREE PALESTINE,00:00:35,Europe1,radio,35,0.5833333333333334,74632,Autres
GAUCHE UNIE POUR LE MONDE DU TRAVAIL SOUTENUE PAR FABIEN ROUSSEL,01:13:59,Europe1,radio,4439,73.98333333333333,74632,gauche radicale
LA DROITE POUR FAIRE ENTENDRE LA VOIX DE LA FRANCE EN EUROPE,02:17:37,Europe1,radio,8257,137.61666666666667,74632,Les conservateurs
LA FRANCE INSOUMISE - UNION POPULAIRE,02:31:30,Europe1,radio,9090,151.5,74632,gauche radicale
LA FRANCE REVIENT! AVEC JORDAN BARDELLA ET MARINE LE PEN,04:38:42,Europe1,radio,16722,278.7,74632,Extreme droite - Divers
LA RUCHE CITOYENNE,00:00:33,Europe1,radio,33,0.55,74632,Autres
LIBERTE DEMOCRATIQUE FRANCAISE,00:00:29,Europe1,radio,29,0.48333333333333334,74632,Autres
"LISTE ASSELINEAU-FREXIT, POUR LE POUVOIR D?ACHAT ET POUR LA PAIX",00:14:36,Europe1,radio,876,14.6,74632,Autres
LUTTE OUVRIERE LE CAMP DES TRAVAILLEURS,00:13:37,Europe1,radio,817,13.616666666666667,74632,gauche radicale
NOUS LE PEUPLE,00:00:32,Europe1,radio,32,0.5333333333333333,74632,Autres
"PARTI ANIMALISTE - LES ANIMAUX COMPTENT, VOTRE VOIX AUSSI",00:01:52,Europe1,radio,112,1.8666666666666667,74632,Autres
PARTI PIRATE,00:00:31,Europe1,radio,31,0.5166666666666667,74632,Autres
"POUR UN MONDE SANS FRONTIERES NI PATRONS, URGENCE REVOLUTION!",00:02:51,Europe1,radio,171,2.85,74632,gauche radicale
REVEILLER L?EUROPE,01:14:44,Europe1,radio,4484,74.73333333333333,74632,Sociaux Democrate
ALLIANCE RURALE,00:19:06,France2,TV généraliste,1146,19.1,46900,Autres
BESOIN D?EUROPE,01:52:05,France2,TV généraliste,6725,112.08333333333333,46900,Centriste et Liberaux
CHANGER L?EUROPE,00:15:51,France2,TV généraliste,951,15.85,46900,Sociaux Democrate
DEFENDRE LES ENFANTS,00:00:32,France2,TV généraliste,32,0.5333333333333333,46900,Autres
DEMOCRATIE REPRESENTATIVE,00:00:29,France2,TV généraliste,29,0.48333333333333334,46900,Autres
ECOLOGIE POSITIVE ET TERRITOIRES,00:00:11,France2,TV généraliste,11,0.18333333333333332,46900,Ecologiste et Regionaliste
ESPERANTO LANGUE COMMUNE,00:00:30,France2,TV généraliste,30,0.5,46900,Autres
EUROPE ECOLOGIE,01:06:12,France2,TV généraliste,3972,66.2,46900,Ecologiste et Regionaliste
FORTERESSE EUROPE - LISTE D?UNITE NATIONALISTE,00:00:04,France2,TV généraliste,4,0.06666666666666667,46900,Extreme droite - Divers
FRANCE LIBRE,00:00:16,France2,TV généraliste,16,0.26666666666666666,46900,Extreme droite - Divers
FREE PALESTINE,00:00:31,France2,TV généraliste,31,0.5166666666666667,46900,Autres
GAUCHE UNIE POUR LE MONDE DU TRAVAIL SOUTENUE PAR FABIEN ROUSSEL,00:46:12,France2,TV généraliste,2772,46.2,46900,gauche radicale
LA DROITE POUR FAIRE ENTENDRE LA VOIX DE LA FRANCE EN EUROPE,01:25:10,France2,TV généraliste,5110,85.16666666666667,46900,Les conservateurs
LA FRANCE INSOUMISE - UNION POPULAIRE,01:11:29,France2,TV généraliste,4289,71.48333333333333,46900,gauche radicale
LA FRANCE REVIENT! AVEC JORDAN BARDELLA ET MARINE LE PEN,01:55:11,France2,TV généraliste,6911,115.18333333333334,46900,Extreme droite - Divers
LA RUCHE CITOYENNE,00:00:37,France2,TV généraliste,37,0.6166666666666667,46900,Autres
LIBERTE DEMOCRATIQUE FRANCAISE,00:00:26,France2,TV généraliste,26,0.43333333333333335,46900,Autres
"LISTE ASSELINEAU-FREXIT, POUR LE POUVOIR D?ACHAT ET POUR LA PAIX",00:08:05,France2,TV généraliste,485,8.083333333333334,46900,Autres
LUTTE OUVRIERE LE CAMP DES TRAVAILLEURS,00:08:35,France2,TV généraliste,515,8.583333333333334,46900,gauche radicale
"NON A L?UE ET A L?OTAN, COMMUNISTES POUR LA PAIX ET LE PROGRES SOCIAL",00:00:37,France2,TV généraliste,37,0.6166666666666667,46900,gauche radicale
NON! PRENONS-NOUS EN MAINS,00:00:19,France2,TV généraliste,19,0.31666666666666665,46900,Extreme droite - Divers
NOUS LE PEUPLE,00:00:22,France2,TV généraliste,22,0.36666666666666664,46900,Autres
"PACE - PARTI DES CITOYENS EUROPEENS, POUR L?ARMEE EUROPEENNE, POUR L?EUROPE SOCIALE, POUR LA PLANETE!",00:00:15,France2,TV généraliste,15,0.25,46900,Sociaux Democrate
PAIX ET DECROISSANCE,00:00:46,France2,TV généraliste,46,0.7666666666666667,46900,Autres
"PARTI ANIMALISTE - LES ANIMAUX COMPTENT, VOTRE VOIX AUSSI",00:17:03,France2,TV généraliste,1023,17.05,46900,Autres
PARTI PIRATE,00:00:17,France2,TV généraliste,17,0.2833333333333333,46900,Autres
PARTI REVOLUTIONNAIRE COMMUNISTES,00:00:36,France2,TV généraliste,36,0.6,46900,gauche radicale
"POUR UN MONDE SANS FRONTIERES NI PATRONS, URGENCE REVOLUTION!",00:00:15,France2,TV généraliste,15,0.25,46900,gauche radicale
POUR UNE AUTRE EUROPE,00:00:12,France2,TV généraliste,12,0.2,46900,Autres
POUR UNE DEMOCRATIE REELLE: DECIDONS NOUS-MEMES!,00:00:37,France2,TV généraliste,37,0.6166666666666667,46900,Autres
POUR UNE HUMANITE SOUVERAINE,00:00:28,France2,TV généraliste,28,0.4666666666666667,46900,Autres
REVEILLER L?EUROPE,01:41:15,France2,TV généraliste,6075,101.25,46900,Sociaux Democrate
ALLIANCE RURALE,00:01:42,France24,TV info continue,102,1.7,28061,Autres
BESOIN D?EUROPE,00:22:27,France24,TV info continue,1347,22.45,28061,Centriste et Liberaux
CHANGER L?EUROPE,00:01:37,France24,TV info continue,97,1.6166666666666667,28061,Sociaux Democrate
DEFENDRE LES ENFANTS,00:00:31,France24,TV info continue,31,0.5166666666666667,28061,Autres
ESPERANTO LANGUE COMMUNE,00:00:29,France24,TV info continue,29,0.48333333333333334,28061,Autres
EUROPE ECOLOGIE,00:27:38,France24,TV info continue,1658,27.633333333333333,28061,Ecologiste et Regionaliste
GAUCHE UNIE POUR LE MONDE DU TRAVAIL SOUTENUE PAR FABIEN ROUSSEL,00:23:34,France24,TV info continue,1414,23.566666666666666,28061,gauche radicale
LA DROITE POUR FAIRE ENTENDRE LA VOIX DE LA FRANCE EN EUROPE,00:30:23,France24,TV info continue,1823,30.383333333333333,28061,Les conservateurs
LA FRANCE INSOUMISE - UNION POPULAIRE,00:39:09,France24,TV info continue,2349,39.15,28061,gauche radicale
LA FRANCE REVIENT! AVEC JORDAN BARDELLA ET MARINE LE PEN,01:53:08,France24,TV info continue,6788,113.13333333333334,28061,Extreme droite - Divers
LA RUCHE CITOYENNE,00:00:34,France24,TV info continue,34,0.5666666666666667,28061,Autres
LIBERTE DEMOCRATIQUE FRANCAISE,00:00:26,France24,TV info continue,26,0.43333333333333335,28061,Autres
"LISTE ASSELINEAU-FREXIT, POUR LE POUVOIR D?ACHAT ET POUR LA PAIX",00:01:33,France24,TV info continue,93,1.55,28061,Autres
LUTTE OUVRIERE LE CAMP DES TRAVAILLEURS,00:03:38,France24,TV info continue,218,3.6333333333333333,28061,gauche radicale
"PACE - PARTI DES CITOYENS EUROPEENS, POUR L?ARMEE EUROPEENNE, POUR L?EUROPE SOCIALE, POUR LA PLANETE!",00:00:22,France24,TV info continue,22,0.36666666666666664,28061,Sociaux Democrate
PAIX ET DECROISSANCE,00:00:44,France24,TV info continue,44,0.7333333333333333,28061,Autres
"PARTI ANIMALISTE - LES ANIMAUX COMPTENT, VOTRE VOIX AUSSI",00:01:31,France24,TV info continue,91,1.5166666666666666,28061,Autres
PARTI PIRATE,00:00:34,France24,TV info continue,34,0.5666666666666667,28061,Autres
"POUR UN MONDE SANS FRONTIERES NI PATRONS, URGENCE REVOLUTION!",00:00:18,France24,TV info continue,18,0.3,28061,gauche radicale
POUR UNE DEMOCRATIE REELLE: DECIDONS NOUS-MEMES!,00:00:37,France24,TV info continue,37,0.6166666666666667,28061,Autres
REVEILLER L?EUROPE,00:43:54,France24,TV info continue,2634,43.9,28061,Sociaux Democrate
ALLIANCE RURALE,00:08:11,France3,TV généraliste,491,8.183333333333334,14747,Autres
BESOIN D?EUROPE,00:41:49,France3,TV généraliste,2509,41.81666666666667,14747,Centriste et Liberaux
CHANGER L?EUROPE,00:05:36,France3,TV généraliste,336,5.6,14747,Sociaux Democrate
EUROPE ECOLOGIE,00:17:35,France3,TV généraliste,1055,17.583333333333332,14747,Ecologiste et Regionaliste
GAUCHE UNIE POUR LE MONDE DU TRAVAIL SOUTENUE PAR FABIEN ROUSSEL,00:13:08,France3,TV généraliste,788,13.133333333333333,14747,gauche radicale
LA DROITE POUR FAIRE ENTENDRE LA VOIX DE LA FRANCE EN EUROPE,00:23:54,France3,TV généraliste,1434,23.9,14747,Les conservateurs
LA FRANCE INSOUMISE - UNION POPULAIRE,00:25:11,France3,TV généraliste,1511,25.183333333333334,14747,gauche radicale
LA FRANCE REVIENT! AVEC JORDAN BARDELLA ET MARINE LE PEN,00:34:39,France3,TV généraliste,2079,34.65,14747,Extreme droite - Divers
"LISTE ASSELINEAU-FREXIT, POUR LE POUVOIR D?ACHAT ET POUR LA PAIX",00:05:48,France3,TV généraliste,348,5.8,14747,Autres
LUTTE OUVRIERE LE CAMP DES TRAVAILLEURS,00:07:26,France3,TV généraliste,446,7.433333333333334,14747,gauche radicale
"PARTI ANIMALISTE - LES ANIMAUX COMPTENT, VOTRE VOIX AUSSI",00:04:57,France3,TV généraliste,297,4.95,14747,Autres
REVEILLER L?EUROPE,00:26:09,France3,TV généraliste,1569,26.15,14747,Sociaux Democrate
ALLIANCE RURALE,00:03:26,France5,TV généraliste,206,3.433333333333333,30607,Autres
BESOIN D?EUROPE,01:39:55,France5,TV généraliste,5995,99.91666666666667,30607,Centriste et Liberaux
CHANGER L?EUROPE,00:02:22,France5,TV généraliste,142,2.3666666666666667,30607,Sociaux Democrate
DEFENDRE LES ENFANTS,00:00:55,France5,TV généraliste,55,0.9166666666666666,30607,Autres
DEMOCRATIE REPRESENTATIVE,00:00:08,France5,TV généraliste,8,0.13333333333333333,30607,Autres
ECOLOGIE POSITIVE ET TERRITOIRES,00:00:55,France5,TV généraliste,55,0.9166666666666666,30607,Ecologiste et Regionaliste
ESPERANTO LANGUE COMMUNE,00:00:44,France5,TV généraliste,44,0.7333333333333333,30607,Autres
EUROPE ECOLOGIE,00:35:54,France5,TV généraliste,2154,35.9,30607,Ecologiste et Regionaliste
FORTERESSE EUROPE - LISTE D?UNITE NATIONALISTE,00:00:07,France5,TV généraliste,7,0.11666666666666667,30607,Extreme droite - Divers
FRANCE LIBRE,00:00:06,France5,TV généraliste,6,0.1,30607,Extreme droite - Divers
FREE PALESTINE,00:00:05,France5,TV généraliste,5,0.08333333333333333,30607,Autres
GAUCHE UNIE POUR LE MONDE DU TRAVAIL SOUTENUE PAR FABIEN ROUSSEL,00:15:25,France5,TV généraliste,925,15.416666666666666,30607,gauche radicale
LA DROITE POUR FAIRE ENTENDRE LA VOIX DE LA FRANCE EN EUROPE,00:39:56,France5,TV généraliste,2396,39.93333333333333,30607,Les conservateurs
LA FRANCE INSOUMISE - UNION POPULAIRE,00:39:27,France5,TV généraliste,2367,39.45,30607,gauche radicale
LA FRANCE REVIENT! AVEC JORDAN BARDELLA ET MARINE LE PEN,02:37:37,France5,TV généraliste,9457,157.61666666666667,30607,Extreme droite - Divers
LA RUCHE CITOYENNE,00:00:43,France5,TV généraliste,43,0.7166666666666667,30607,Autres
LIBERTE DEMOCRATIQUE FRANCAISE,00:00:54,France5,TV généraliste,54,0.9,30607,Autres
"LISTE ASSELINEAU-FREXIT, POUR LE POUVOIR D?ACHAT ET POUR LA PAIX",00:03:07,France5,TV généraliste,187,3.1166666666666667,30607,Autres
LUTTE OUVRIERE LE CAMP DES TRAVAILLEURS,00:02:44,France5,TV généraliste,164,2.7333333333333334,30607,gauche radicale
"NON A L?UE ET A L?OTAN, COMMUNISTES POUR LA PAIX ET LE PROGRES SOCIAL",00:00:09,France5,TV généraliste,9,0.15,30607,gauche radicale
NON! PRENONS-NOUS EN MAINS,00:00:05,France5,TV généraliste,5,0.08333333333333333,30607,Extreme droite - Divers
NOUS LE PEUPLE,00:00:42,France5,TV généraliste,42,0.7,30607,Autres
"PACE - PARTI DES CITOYENS EUROPEENS, POUR L?ARMEE EUROPEENNE, POUR L?EUROPE SOCIALE, POUR LA PLANETE!",00:00:07,France5,TV généraliste,7,0.11666666666666667,30607,Sociaux Democrate
PAIX ET DECROISSANCE,00:00:07,France5,TV généraliste,7,0.11666666666666667,30607,Autres
"PARTI ANIMALISTE - LES ANIMAUX COMPTENT, VOTRE VOIX AUSSI",00:02:31,France5,TV généraliste,151,2.5166666666666666,30607,Autres
PARTI PIRATE,00:00:04,France5,TV généraliste,4,0.06666666666666667,30607,Autres
PARTI REVOLUTIONNAIRE COMMUNISTES,00:00:05,France5,TV généraliste,5,0.08333333333333333,30607,gauche radicale
"POUR UN MONDE SANS FRONTIERES NI PATRONS, URGENCE REVOLUTION!",00:00:10,France5,TV généraliste,10,0.16666666666666666,30607,gauche radicale
POUR UNE AUTRE EUROPE,00:00:04,France5,TV généraliste,4,0.06666666666666667,30607,Autres
POUR UNE DEMOCRATIE REELLE: DECIDONS NOUS-MEMES!,00:00:59,France5,TV généraliste,59,0.9833333333333333,30607,Autres
POUR UNE HUMANITE SOUVERAINE,00:00:05,France5,TV généraliste,5,0.08333333333333333,30607,Autres
REVEILLER L?EUROPE,00:58:57,France5,TV généraliste,3537,58.95,30607,Sociaux Democrate
ALLIANCE RURALE,00:00:28,FranceCulture,radio,28,0.4666666666666667,7808,Autres
BESOIN D?EUROPE,00:24:36,FranceCulture,radio,1476,24.6,7808,Centriste et Liberaux
CHANGER L?EUROPE,00:00:32,FranceCulture,radio,32,0.5333333333333333,7808,Sociaux Democrate
DEMOCRATIE REPRESENTATIVE,00:00:17,FranceCulture,radio,17,0.2833333333333333,7808,Autres
ECOLOGIE POSITIVE ET TERRITOIRES,00:00:13,FranceCulture,radio,13,0.21666666666666667,7808,Ecologiste et Regionaliste
ESPERANTO LANGUE COMMUNE,00:00:17,FranceCulture,radio,17,0.2833333333333333,7808,Autres
EUROPE ECOLOGIE,00:13:31,FranceCulture,radio,811,13.516666666666667,7808,Ecologiste et Regionaliste
FORTERESSE EUROPE - LISTE D?UNITE NATIONALISTE,00:00:27,FranceCulture,radio,27,0.45,7808,Extreme droite - Divers
FRANCE LIBRE,00:00:20,FranceCulture,radio,20,0.3333333333333333,7808,Extreme droite - Divers
FREE PALESTINE,00:00:27,FranceCulture,radio,27,0.45,7808,Autres
GAUCHE UNIE POUR LE MONDE DU TRAVAIL SOUTENUE PAR FABIEN ROUSSEL,00:03:18,FranceCulture,radio,198,3.3,7808,gauche radicale
LA DROITE POUR FAIRE ENTENDRE LA VOIX DE LA FRANCE EN EUROPE,00:12:24,FranceCulture,radio,744,12.4,7808,Les conservateurs
LA FRANCE INSOUMISE - UNION POPULAIRE,00:21:39,FranceCulture,radio,1299,21.65,7808,gauche radicale
LA FRANCE REVIENT! AVEC JORDAN BARDELLA ET MARINE LE PEN,00:24:27,FranceCulture,radio,1467,24.45,7808,Extreme droite - Divers
LIBERTE DEMOCRATIQUE FRANCAISE,00:00:16,FranceCulture,radio,16,0.26666666666666666,7808,Autres
"LISTE ASSELINEAU-FREXIT, POUR LE POUVOIR D?ACHAT ET POUR LA PAIX",00:00:18,FranceCulture,radio,18,0.3,7808,Autres
LUTTE OUVRIERE LE CAMP DES TRAVAILLEURS,00:00:20,FranceCulture,radio,20,0.3333333333333333,7808,gauche radicale
NON! PRENONS-NOUS EN MAINS,00:00:24,FranceCulture,radio,24,0.4,7808,Extreme droite - Divers
NOUS LE PEUPLE,00:00:16,FranceCulture,radio,16,0.26666666666666666,7808,Autres
"PACE - PARTI DES CITOYENS EUROPEENS, POUR L?ARMEE EUROPEENNE, POUR L?EUROPE SOCIALE, POUR LA PLANETE!",00:00:13,FranceCulture,radio,13,0.21666666666666667,7808,Sociaux Democrate
PAIX ET DECROISSANCE,00:00:15,FranceCulture,radio,15,0.25,7808,Autres
"PARTI ANIMALISTE - LES ANIMAUX COMPTENT, VOTRE VOIX AUSSI",00:00:39,FranceCulture,radio,39,0.65,7808,Autres
PARTI PIRATE,00:00:11,FranceCulture,radio,11,0.18333333333333332,7808,Autres
"POUR UN MONDE SANS FRONTIERES NI PATRONS, URGENCE REVOLUTION!",00:00:19,FranceCulture,radio,19,0.31666666666666665,7808,gauche radicale
POUR UNE HUMANITE SOUVERAINE,00:00:22,FranceCulture,radio,22,0.36666666666666664,7808,Autres
REVEILLER L?EUROPE,00:12:13,FranceCulture,radio,733,12.216666666666667,7808,Sociaux Democrate
UNION DES CENTRISTES ET DES ECOLOGISTES,00:00:13,FranceCulture,radio,13,0.21666666666666667,7808,Centriste et Liberaux
ALLIANCE CENTRISTE ET TERRITOIRES EN MOUVEMENT,00:02:30,FranceInfo,radio,150,2.5,72121,Les conservateurs
ALLIANCE RURALE,00:04:21,FranceInfo,radio,261,4.35,72121,Autres
BESOIN D?EUROPE,03:40:49,FranceInfo,radio,13249,220.81666666666666,72121,Centriste et Liberaux
CHANGER L?EUROPE,00:28:46,FranceInfo,radio,1726,28.766666666666666,72121,Sociaux Democrate
DEFENDRE LES ENFANTS,00:00:38,FranceInfo,radio,38,0.6333333333333333,72121,Autres
ECOLOGIE POSITIVE ET TERRITOIRES,00:03:18,FranceInfo,radio,198,3.3,72121,Ecologiste et Regionaliste
EUROPE ECOLOGIE,01:36:45,FranceInfo,radio,5805,96.75,72121,Ecologiste et Regionaliste
FRANCE LIBRE,00:00:35,FranceInfo,radio,35,0.5833333333333334,72121,Extreme droite - Divers
FREE PALESTINE,00:02:20,FranceInfo,radio,140,2.3333333333333335,72121,Autres
GAUCHE UNIE POUR LE MONDE DU TRAVAIL SOUTENUE PAR FABIEN ROUSSEL,00:46:17,FranceInfo,radio,2777,46.28333333333333,72121,gauche radicale
LA DROITE POUR FAIRE ENTENDRE LA VOIX DE LA FRANCE EN EUROPE,02:18:00,FranceInfo,radio,8280,138.0,72121,Les conservateurs
LA FRANCE INSOUMISE - UNION POPULAIRE,02:22:54,FranceInfo,radio,8574,142.9,72121,gauche radicale
LA FRANCE REVIENT! AVEC JORDAN BARDELLA ET MARINE LE PEN,03:59:28,FranceInfo,radio,14368,239.46666666666667,72121,Extreme droite - Divers
LA RUCHE CITOYENNE,00:00:44,FranceInfo,radio,44,0.7333333333333333,72121,Autres
LIBERTE DEMOCRATIQUE FRANCAISE,00:00:45,FranceInfo,radio,45,0.75,72121,Autres
"LISTE ASSELINEAU-FREXIT, POUR LE POUVOIR D?ACHAT ET POUR LA PAIX",00:01:36,FranceInfo,radio,96,1.6,72121,Autres
LUTTE OUVRIERE LE CAMP DES TRAVAILLEURS,00:06:44,FranceInfo,radio,404,6.733333333333333,72121,gauche radicale
"NON A L?UE ET A L?OTAN, COMMUNISTES POUR LA PAIX ET LE PROGRES SOCIAL",00:00:41,FranceInfo,radio,41,0.6833333333333333,72121,gauche radicale
NOUS LE PEUPLE,00:00:44,FranceInfo,radio,44,0.7333333333333333,72121,Autres
"PACE - PARTI DES CITOYENS EUROPEENS, POUR L?ARMEE EUROPEENNE, POUR L?EUROPE SOCIALE, POUR LA PLANETE!",00:00:42,FranceInfo,radio,42,0.7,72121,Sociaux Democrate
PAIX ET DECROISSANCE,00:00:41,FranceInfo,radio,41,0.6833333333333333,72121,Autres
"PARTI ANIMALISTE - LES ANIMAUX COMPTENT, VOTRE VOIX AUSSI",00:03:07,FranceInfo,radio,187,3.1166666666666667,72121,Autres
PARTI PIRATE,00:03:56,FranceInfo,radio,236,3.933333333333333,72121,Autres
PARTI REVOLUTIONNAIRE COMMUNISTES,00:00:40,FranceInfo,radio,40,0.6666666666666666,72121,gauche radicale
POUR UNE AUTRE EUROPE,00:00:28,FranceInfo,radio,28,0.4666666666666667,72121,Autres
POUR UNE DEMOCRATIE REELLE: DECIDONS NOUS-MEMES!,00:00:48,FranceInfo,radio,48,0.8,72121,Autres
POUR UNE HUMANITE SOUVERAINE,00:00:51,FranceInfo,radio,51,0.85,72121,Autres
REVEILLER L?EUROPE,02:22:24,FranceInfo,radio,8544,142.4,72121,Sociaux Democrate
ALLIANCE CENTRISTE ET TERRITOIRES EN MOUVEMENT,00:00:44,FranceInter,radio,44,0.7333333333333333,41716,Les conservateurs
ALLIANCE RURALE,00:13:30,FranceInter,radio,810,13.5,41716,Autres
BESOIN D?EUROPE,02:28:09,FranceInter,radio,8889,148.15,41716,Centriste et Liberaux
CHANGER L?EUROPE,00:14:53,FranceInter,radio,893,14.883333333333333,41716,Sociaux Democrate
DEFENDRE LES ENFANTS,00:00:42,FranceInter,radio,42,0.7,41716,Autres
DEMOCRATIE REPRESENTATIVE,00:00:42,FranceInter,radio,42,0.7,41716,Autres
ECOLOGIE POSITIVE ET TERRITOIRES,00:00:44,FranceInter,radio,44,0.7333333333333333,41716,Ecologiste et Regionaliste
ESPERANTO LANGUE COMMUNE,00:00:28,FranceInter,radio,28,0.4666666666666667,41716,Autres
EUROPE ECOLOGIE,00:53:17,FranceInter,radio,3197,53.28333333333333,41716,Ecologiste et Regionaliste
FORTERESSE EUROPE - LISTE D?UNITE NATIONALISTE,00:00:38,FranceInter,radio,38,0.6333333333333333,41716,Extreme droite - Divers
FRANCE LIBRE,00:00:35,FranceInter,radio,35,0.5833333333333334,41716,Extreme droite - Divers
FREE PALESTINE,00:01:34,FranceInter,radio,94,1.5666666666666667,41716,Autres
GAUCHE UNIE POUR LE MONDE DU TRAVAIL SOUTENUE PAR FABIEN ROUSSEL,00:18:51,FranceInter,radio,1131,18.85,41716,gauche radicale
LA DROITE POUR FAIRE ENTENDRE LA VOIX DE LA FRANCE EN EUROPE,00:53:21,FranceInter,radio,3201,53.35,41716,Les conservateurs
LA FRANCE INSOUMISE - UNION POPULAIRE,01:11:08,FranceInter,radio,4268,71.13333333333334,41716,gauche radicale
LA FRANCE REVIENT! AVEC JORDAN BARDELLA ET MARINE LE PEN,02:29:04,FranceInter,radio,8944,149.06666666666666,41716,Extreme droite - Divers
LA RUCHE CITOYENNE,00:00:44,FranceInter,radio,44,0.7333333333333333,41716,Autres
LIBERTE DEMOCRATIQUE FRANCAISE,00:00:45,FranceInter,radio,45,0.75,41716,Autres
"LISTE ASSELINEAU-FREXIT, POUR LE POUVOIR D?ACHAT ET POUR LA PAIX",00:09:06,FranceInter,radio,546,9.1,41716,Autres
LUTTE OUVRIERE LE CAMP DES TRAVAILLEURS,00:10:42,FranceInter,radio,642,10.7,41716,gauche radicale
"NON A L?UE ET A L?OTAN, COMMUNISTES POUR LA PAIX ET LE PROGRES SOCIAL",00:00:42,FranceInter,radio,42,0.7,41716,gauche radicale
NON! PRENONS-NOUS EN MAINS,00:00:33,FranceInter,radio,33,0.55,41716,Extreme droite - Divers
NOUS LE PEUPLE,00:00:53,FranceInter,radio,53,0.8833333333333333,41716,Autres
"PACE - PARTI DES CITOYENS EUROPEENS, POUR L?ARMEE EUROPEENNE, POUR L?EUROPE SOCIALE, POUR LA PLANETE!",00:00:52,FranceInter,radio,52,0.8666666666666667,41716,Sociaux Democrate
PAIX ET DECROISSANCE,00:00:51,FranceInter,radio,51,0.85,41716,Autres
"PARTI ANIMALISTE - LES ANIMAUX COMPTENT, VOTRE VOIX AUSSI",00:10:33,FranceInter,radio,633,10.55,41716,Autres
PARTI PIRATE,00:00:36,FranceInter,radio,36,0.6,41716,Autres
PARTI REVOLUTIONNAIRE COMMUNISTES,00:00:39,FranceInter,radio,39,0.65,41716,gauche radicale
"POUR UN MONDE SANS FRONTIERES NI PATRONS, URGENCE REVOLUTION!",00:00:44,FranceInter,radio,44,0.7333333333333333,41716,gauche radicale
POUR UNE AUTRE EUROPE,00:00:51,FranceInter,radio,51,0.85,41716,Autres
POUR UNE DEMOCRATIE REELLE: DECIDONS NOUS-MEMES!,00:00:48,FranceInter,radio,48,0.8,41716,Autres
POUR UNE HUMANITE SOUVERAINE,00:00:51,FranceInter,radio,51,0.85,41716,Autres
REVEILLER L?EUROPE,01:03:08,FranceInter,radio,3788,63.13333333333333,41716,Sociaux Democrate
ALLIANCE RURALE,00:16:01,LCI,TV info continue,961,16.016666666666666,113439,Autres
BESOIN D?EUROPE,04:34:58,LCI,TV info continue,16498,274.96666666666664,113439,Centriste et Liberaux
CHANGER L?EUROPE,00:01:18,LCI,TV info continue,78,1.3,113439,Sociaux Democrate
DEFENDRE LES ENFANTS,00:00:41,LCI,TV info continue,41,0.6833333333333333,113439,Autres
DEMOCRATIE REPRESENTATIVE,00:00:23,LCI,TV info continue,23,0.38333333333333336,113439,Autres
ECOLOGIE POSITIVE ET TERRITOIRES,00:00:39,LCI,TV info continue,39,0.65,113439,Ecologiste et Regionaliste
ESPERANTO LANGUE COMMUNE,00:00:30,LCI,TV info continue,30,0.5,113439,Autres
EUROPE ECOLOGIE,02:42:14,LCI,TV info continue,9734,162.23333333333332,113439,Ecologiste et Regionaliste
FORTERESSE EUROPE - LISTE D?UNITE NATIONALISTE,00:00:37,LCI,TV info continue,37,0.6166666666666667,113439,Extreme droite - Divers
FRANCE LIBRE,00:00:18,LCI,TV info continue,18,0.3,113439,Extreme droite - Divers
FREE PALESTINE,00:00:30,LCI,TV info continue,30,0.5,113439,Autres
GAUCHE UNIE POUR LE MONDE DU TRAVAIL SOUTENUE PAR FABIEN ROUSSEL,01:26:04,LCI,TV info continue,5164,86.06666666666666,113439,gauche radicale
LA DROITE POUR FAIRE ENTENDRE LA VOIX DE LA FRANCE EN EUROPE,02:53:38,LCI,TV info continue,10418,173.63333333333333,113439,Les conservateurs
LA FRANCE INSOUMISE - UNION POPULAIRE,02:31:42,LCI,TV info continue,9102,151.7,113439,gauche radicale
LA FRANCE REVIENT! AVEC JORDAN BARDELLA ET MARINE LE PEN,08:13:19,LCI,TV info continue,29599,493.31666666666666,113439,Extreme droite - Divers
LA RUCHE CITOYENNE,00:01:29,LCI,TV info continue,89,1.4833333333333334,113439,Autres
LIBERTE DEMOCRATIQUE FRANCAISE,00:00:43,LCI,TV info continue,43,0.7166666666666667,113439,Autres
"LISTE ASSELINEAU-FREXIT, POUR LE POUVOIR D?ACHAT ET POUR LA PAIX",00:11:46,LCI,TV info continue,706,11.766666666666667,113439,Autres
LUTTE OUVRIERE LE CAMP DES TRAVAILLEURS,00:01:55,LCI,TV info continue,115,1.9166666666666667,113439,gauche radicale
"NON A L?UE ET A L?OTAN, COMMUNISTES POUR LA PAIX ET LE PROGRES SOCIAL",00:00:30,LCI,TV info continue,30,0.5,113439,gauche radicale
NON! PRENONS-NOUS EN MAINS,00:00:15,LCI,TV info continue,15,0.25,113439,Extreme droite - Divers
NOUS LE PEUPLE,00:00:31,LCI,TV info continue,31,0.5166666666666667,113439,Autres
"PACE - PARTI DES CITOYENS EUROPEENS, POUR L?ARMEE EUROPEENNE, POUR L?EUROPE SOCIALE, POUR LA PLANETE!",00:00:46,LCI,TV info continue,46,0.7666666666666667,113439,Sociaux Democrate
PAIX ET DECROISSANCE,00:00:33,LCI,TV info continue,33,0.55,113439,Autres
"PARTI ANIMALISTE - LES ANIMAUX COMPTENT, VOTRE VOIX AUSSI",00:28:13,LCI,TV info continue,1693,28.216666666666665,113439,Autres
PARTI PIRATE,00:00:32,LCI,TV info continue,32,0.5333333333333333,113439,Autres
PARTI REVOLUTIONNAIRE COMMUNISTES,00:00:37,LCI,TV info continue,37,0.6166666666666667,113439,gauche radicale
"POUR UN MONDE SANS FRONTIERES NI PATRONS, URGENCE REVOLUTION!",00:01:36,LCI,TV info continue,96,1.6,113439,gauche radicale
POUR UNE AUTRE EUROPE,00:00:54,LCI,TV info continue,54,0.9,113439,Autres
POUR UNE DEMOCRATIE REELLE: DECIDONS NOUS-MEMES!,00:01:50,LCI,TV info continue,110,1.8333333333333333,113439,Autres
POUR UNE HUMANITE SOUVERAINE,00:00:31,LCI,TV info continue,31,0.5166666666666667,113439,Autres
REVEILLER L?EUROPE,03:25:35,LCI,TV info continue,12335,205.58333333333334,113439,Sociaux Democrate
ALLIANCE RURALE,00:00:10,M6,TV généraliste,10,0.16666666666666666,938,Autres
BESOIN D?EUROPE,00:02:42,M6,TV généraliste,162,2.7,938,Centriste et Liberaux
CHANGER L?EUROPE,00:00:08,M6,TV généraliste,8,0.13333333333333333,938,Sociaux Democrate
DEFENDRE LES ENFANTS,00:00:12,M6,TV généraliste,12,0.2,938,Autres
ESPERANTO LANGUE COMMUNE,00:00:10,M6,TV généraliste,10,0.16666666666666666,938,Autres
EUROPE ECOLOGIE,00:01:15,M6,TV généraliste,75,1.25,938,Ecologiste et Regionaliste
FREE PALESTINE,00:00:12,M6,TV généraliste,12,0.2,938,Autres
GAUCHE UNIE POUR LE MONDE DU TRAVAIL SOUTENUE PAR FABIEN ROUSSEL,00:00:22,M6,TV généraliste,22,0.36666666666666664,938,gauche radicale
LA DROITE POUR FAIRE ENTENDRE LA VOIX DE LA FRANCE EN EUROPE,00:01:11,M6,TV généraliste,71,1.1833333333333333,938,Les conservateurs
LA FRANCE INSOUMISE - UNION POPULAIRE,00:01:20,M6,TV généraliste,80,1.3333333333333333,938,gauche radicale
LA FRANCE REVIENT! AVEC JORDAN BARDELLA ET MARINE LE PEN,00:02:54,M6,TV généraliste,174,2.9,938,Extreme droite - Divers
"LISTE ASSELINEAU-FREXIT, POUR LE POUVOIR D?ACHAT ET POUR LA PAIX",00:00:11,M6,TV généraliste,11,0.18333333333333332,938,Autres
LUTTE OUVRIERE LE CAMP DES TRAVAILLEURS,00:00:17,M6,TV généraliste,17,0.2833333333333333,938,gauche radicale
"PARTI ANIMALISTE - LES ANIMAUX COMPTENT, VOTRE VOIX AUSSI",00:00:15,M6,TV généraliste,15,0.25,938,Autres
PARTI PIRATE,00:00:12,M6,TV généraliste,12,0.2,938,Autres
"POUR UN MONDE SANS FRONTIERES NI PATRONS, URGENCE REVOLUTION!",00:00:11,M6,TV généraliste,11,0.18333333333333332,938,gauche radicale
REVEILLER L?EUROPE,00:01:24,M6,TV généraliste,84,1.4,938,Sociaux Democrate
ALLIANCE RURALE,00:02:35,RFI,radio,155,2.5833333333333335,23280,Autres
BESOIN D?EUROPE,01:00:21,RFI,radio,3621,60.35,23280,Centriste et Liberaux
CHANGER L?EUROPE,00:03:18,RFI,radio,198,3.3,23280,Sociaux Democrate
DEFENDRE LES ENFANTS,00:01:54,RFI,radio,114,1.9,23280,Autres
DEMOCRATIE REPRESENTATIVE,00:01:50,RFI,radio,110,1.8333333333333333,23280,Autres
ECOLOGIE POSITIVE ET TERRITOIRES,00:02:02,RFI,radio,122,2.033333333333333,23280,Ecologiste et Regionaliste
ESPERANTO LANGUE COMMUNE,00:01:59,RFI,radio,119,1.9833333333333334,23280,Autres
EUROPE ECOLOGIE,00:33:51,RFI,radio,2031,33.85,23280,Ecologiste et Regionaliste
FORTERESSE EUROPE - LISTE D?UNITE NATIONALISTE,00:02:03,RFI,radio,123,2.05,23280,Extreme droite - Divers
FRANCE LIBRE,00:00:22,RFI,radio,22,0.36666666666666664,23280,Extreme droite - Divers
GAUCHE UNIE POUR LE MONDE DU TRAVAIL SOUTENUE PAR FABIEN ROUSSEL,00:14:14,RFI,radio,854,14.233333333333333,23280,gauche radicale
LA DROITE POUR FAIRE ENTENDRE LA VOIX DE LA FRANCE EN EUROPE,00:34:15,RFI,radio,2055,34.25,23280,Les conservateurs
LA FRANCE INSOUMISE - UNION POPULAIRE,00:40:22,RFI,radio,2422,40.36666666666667,23280,gauche radicale
LA FRANCE REVIENT! AVEC JORDAN BARDELLA ET MARINE LE PEN,01:13:43,RFI,radio,4423,73.71666666666667,23280,Extreme droite - Divers
"LISTE ASSELINEAU-FREXIT, POUR LE POUVOIR D?ACHAT ET POUR LA PAIX",00:10:00,RFI,radio,600,10.0,23280,Autres
LUTTE OUVRIERE LE CAMP DES TRAVAILLEURS,00:02:33,RFI,radio,153,2.55,23280,gauche radicale
"NON A L?UE ET A L?OTAN, COMMUNISTES POUR LA PAIX ET LE PROGRES SOCIAL",00:01:48,RFI,radio,108,1.8,23280,gauche radicale
NON! PRENONS-NOUS EN MAINS,00:02:00,RFI,radio,120,2.0,23280,Extreme droite - Divers
NOUS LE PEUPLE,00:01:59,RFI,radio,119,1.9833333333333334,23280,Autres
"PACE - PARTI DES CITOYENS EUROPEENS, POUR L?ARMEE EUROPEENNE, POUR L?EUROPE SOCIALE, POUR LA PLANETE!",00:01:55,RFI,radio,115,1.9166666666666667,23280,Sociaux Democrate
PAIX ET DECROISSANCE,00:02:03,RFI,radio,123,2.05,23280,Autres
"PARTI ANIMALISTE - LES ANIMAUX COMPTENT, VOTRE VOIX AUSSI",00:04:36,RFI,radio,276,4.6,23280,Autres
PARTI PIRATE,00:01:58,RFI,radio,118,1.9666666666666666,23280,Autres
"POUR UN MONDE SANS FRONTIERES NI PATRONS, URGENCE REVOLUTION!",00:01:24,RFI,radio,84,1.4,23280,gauche radicale
POUR UNE AUTRE EUROPE,00:01:57,RFI,radio,117,1.95,23280,Autres
POUR UNE DEMOCRATIE REELLE: DECIDONS NOUS-MEMES!,00:01:59,RFI,radio,119,1.9833333333333334,23280,Autres
REVEILLER L?EUROPE,00:46:21,RFI,radio,2781,46.35,23280,Sociaux Democrate
ALLIANCE RURALE,00:00:20,RMC-Story,TV généraliste,20,0.3333333333333333,2549,Autres
BESOIN D?EUROPE,00:07:23,RMC-Story,TV généraliste,443,7.383333333333334,2549,Centriste et Liberaux
CHANGER L?EUROPE,00:00:20,RMC-Story,TV généraliste,20,0.3333333333333333,2549,Sociaux Democrate
DEFENDRE LES ENFANTS,00:00:10,RMC-Story,TV généraliste,10,0.16666666666666666,2549,Autres
ECOLOGIE POSITIVE ET TERRITOIRES,00:00:10,RMC-Story,TV généraliste,10,0.16666666666666666,2549,Ecologiste et Regionaliste
EUROPE ECOLOGIE,00:02:59,RMC-Story,TV généraliste,179,2.9833333333333334,2549,Ecologiste et Regionaliste
FRANCE LIBRE,00:00:17,RMC-Story,TV généraliste,17,0.2833333333333333,2549,Extreme droite - Divers
FREE PALESTINE,00:00:10,RMC-Story,TV généraliste,10,0.16666666666666666,2549,Autres
GAUCHE UNIE POUR LE MONDE DU TRAVAIL SOUTENUE PAR FABIEN ROUSSEL,00:00:57,RMC-Story,TV généraliste,57,0.95,2549,gauche radicale
LA DROITE POUR FAIRE ENTENDRE LA VOIX DE LA FRANCE EN EUROPE,00:03:21,RMC-Story,TV généraliste,201,3.35,2549,Les conservateurs
LA FRANCE INSOUMISE - UNION POPULAIRE,00:04:01,RMC-Story,TV généraliste,241,4.016666666666667,2549,gauche radicale
LA FRANCE REVIENT! AVEC JORDAN BARDELLA ET MARINE LE PEN,00:10:13,RMC-Story,TV généraliste,613,10.216666666666667,2549,Extreme droite - Divers
LA RUCHE CITOYENNE,00:00:10,RMC-Story,TV généraliste,10,0.16666666666666666,2549,Autres
LIBERTE DEMOCRATIQUE FRANCAISE,00:00:10,RMC-Story,TV généraliste,10,0.16666666666666666,2549,Autres
"LISTE ASSELINEAU-FREXIT, POUR LE POUVOIR D?ACHAT ET POUR LA PAIX",00:00:20,RMC-Story,TV généraliste,20,0.3333333333333333,2549,Autres
LUTTE OUVRIERE LE CAMP DES TRAVAILLEURS,00:00:24,RMC-Story,TV généraliste,24,0.4,2549,gauche radicale
NON! PRENONS-NOUS EN MAINS,00:00:10,RMC-Story,TV généraliste,10,0.16666666666666666,2549,Extreme droite - Divers
NOUS LE PEUPLE,00:00:10,RMC-Story,TV généraliste,10,0.16666666666666666,2549,Autres
"PACE - PARTI DES CITOYENS EUROPEENS, POUR L?ARMEE EUROPEENNE, POUR L?EUROPE SOCIALE, POUR LA PLANETE!",00:00:09,RMC-Story,TV généraliste,9,0.15,2549,Sociaux Democrate
PAIX ET DECROISSANCE,00:00:10,RMC-Story,TV généraliste,10,0.16666666666666666,2549,Autres
"PARTI ANIMALISTE - LES ANIMAUX COMPTENT, VOTRE VOIX AUSSI",00:00:30,RMC-Story,TV généraliste,30,0.5,2549,Autres
PARTI PIRATE,00:00:09,RMC-Story,TV généraliste,9,0.15,2549,Autres
"POUR UN MONDE SANS FRONTIERES NI PATRONS, URGENCE REVOLUTION!",00:00:20,RMC-Story,TV généraliste,20,0.3333333333333333,2549,gauche radicale
POUR UNE HUMANITE SOUVERAINE,00:00:10,RMC-Story,TV généraliste,10,0.16666666666666666,2549,Autres
REVEILLER L?EUROPE,00:03:33,RMC-Story,TV généraliste,213,3.55,2549,Sociaux Democrate
ALLIANCE RURALE,00:07:06,RMC,radio,426,7.1,34440,Autres
BESOIN D?EUROPE,02:16:28,RMC,radio,8188,136.46666666666667,34440,Centriste et Liberaux
CHANGER L?EUROPE,00:06:52,RMC,radio,412,6.866666666666666,34440,Sociaux Democrate
DEFENDRE LES ENFANTS,00:00:20,RMC,radio,20,0.3333333333333333,34440,Autres
DEMOCRATIE REPRESENTATIVE,00:00:20,RMC,radio,20,0.3333333333333333,34440,Autres
ECOLOGIE POSITIVE ET TERRITOIRES,00:00:10,RMC,radio,10,0.16666666666666666,34440,Ecologiste et Regionaliste
ESPERANTO LANGUE COMMUNE,00:00:21,RMC,radio,21,0.35,34440,Autres
EUROPE ECOLOGIE,00:33:50,RMC,radio,2030,33.833333333333336,34440,Ecologiste et Regionaliste
FRANCE LIBRE,00:00:34,RMC,radio,34,0.5666666666666667,34440,Extreme droite - Divers
FREE PALESTINE,00:00:10,RMC,radio,10,0.16666666666666666,34440,Autres
GAUCHE UNIE POUR LE MONDE DU TRAVAIL SOUTENUE PAR FABIEN ROUSSEL,00:19:37,RMC,radio,1177,19.616666666666667,34440,gauche radicale
LA DROITE POUR FAIRE ENTENDRE LA VOIX DE LA FRANCE EN EUROPE,00:40:03,RMC,radio,2403,40.05,34440,Les conservateurs
LA FRANCE INSOUMISE - UNION POPULAIRE,00:53:35,RMC,radio,3215,53.583333333333336,34440,gauche radicale
LA FRANCE REVIENT! AVEC JORDAN BARDELLA ET MARINE LE PEN,02:22:16,RMC,radio,8536,142.26666666666668,34440,Extreme droite - Divers
LA RUCHE CITOYENNE,00:00:20,RMC,radio,20,0.3333333333333333,34440,Autres
LIBERTE DEMOCRATIQUE FRANCAISE,00:00:20,RMC,radio,20,0.3333333333333333,34440,Autres
"LISTE ASSELINEAU-FREXIT, POUR LE POUVOIR D?ACHAT ET POUR LA PAIX",00:06:34,RMC,radio,394,6.566666666666666,34440,Autres
LUTTE OUVRIERE LE CAMP DES TRAVAILLEURS,00:04:24,RMC,radio,264,4.4,34440,gauche radicale
"NON A L?UE ET A L?OTAN, COMMUNISTES POUR LA PAIX ET LE PROGRES SOCIAL",00:00:20,RMC,radio,20,0.3333333333333333,34440,gauche radicale
NON! PRENONS-NOUS EN MAINS,00:00:20,RMC,radio,20,0.3333333333333333,34440,Extreme droite - Divers
NOUS LE PEUPLE,00:00:21,RMC,radio,21,0.35,34440,Autres
"PACE - PARTI DES CITOYENS EUROPEENS, POUR L?ARMEE EUROPEENNE, POUR L?EUROPE SOCIALE, POUR LA PLANETE!",00:00:18,RMC,radio,18,0.3,34440,Sociaux Democrate
PAIX ET DECROISSANCE,00:00:20,RMC,radio,20,0.3333333333333333,34440,Autres
"PARTI ANIMALISTE - LES ANIMAUX COMPTENT, VOTRE VOIX AUSSI",00:14:25,RMC,radio,865,14.416666666666666,34440,Autres
PARTI PIRATE,00:00:16,RMC,radio,16,0.26666666666666666,34440,Autres
PARTI REVOLUTIONNAIRE COMMUNISTES,00:00:20,RMC,radio,20,0.3333333333333333,34440,gauche radicale
"POUR UN MONDE SANS FRONTIERES NI PATRONS, URGENCE REVOLUTION!",00:04:00,RMC,radio,240,4.0,34440,gauche radicale
POUR UNE DEMOCRATIE REELLE: DECIDONS NOUS-MEMES!,00:00:19,RMC,radio,19,0.31666666666666665,34440,Autres
POUR UNE HUMANITE SOUVERAINE,00:00:20,RMC,radio,20,0.3333333333333333,34440,Autres
REVEILLER L?EUROPE,00:47:15,RMC,radio,2835,47.25,34440,Sociaux Democrate
ALLIANCE RURALE,00:00:32,RTL,radio,32,0.5333333333333333,31220,Autres
BESOIN D?EUROPE,02:22:14,RTL,radio,8534,142.23333333333332,31220,Centriste et Liberaux
CHANGER L?EUROPE,00:00:24,RTL,radio,24,0.4,31220,Sociaux Democrate
ECOLOGIE POSITIVE ET TERRITOIRES,00:00:13,RTL,radio,13,0.21666666666666667,31220,Ecologiste et Regionaliste
ESPERANTO LANGUE COMMUNE,00:00:46,RTL,radio,46,0.7666666666666667,31220,Autres
EUROPE ECOLOGIE,00:43:22,RTL,radio,2602,43.36666666666667,31220,Ecologiste et Regionaliste
FORTERESSE EUROPE - LISTE D?UNITE NATIONALISTE,00:00:26,RTL,radio,26,0.43333333333333335,31220,Extreme droite - Divers
FRANCE LIBRE,00:01:13,RTL,radio,73,1.2166666666666666,31220,Extreme droite - Divers
GAUCHE UNIE POUR LE MONDE DU TRAVAIL SOUTENUE PAR FABIEN ROUSSEL,00:27:11,RTL,radio,1631,27.183333333333334,31220,gauche radicale
LA DROITE POUR FAIRE ENTENDRE LA VOIX DE LA FRANCE EN EUROPE,00:46:22,RTL,radio,2782,46.36666666666667,31220,Les conservateurs
LA FRANCE INSOUMISE - UNION POPULAIRE,00:49:17,RTL,radio,2957,49.28333333333333,31220,gauche radicale
LA FRANCE REVIENT! AVEC JORDAN BARDELLA ET MARINE LE PEN,01:57:41,RTL,radio,7061,117.68333333333334,31220,Extreme droite - Divers
"LISTE ASSELINEAU-FREXIT, POUR LE POUVOIR D?ACHAT ET POUR LA PAIX",00:00:49,RTL,radio,49,0.8166666666666667,31220,Autres
LUTTE OUVRIERE LE CAMP DES TRAVAILLEURS,00:01:46,RTL,radio,106,1.7666666666666666,31220,gauche radicale
"PARTI ANIMALISTE - LES ANIMAUX COMPTENT, VOTRE VOIX AUSSI",00:02:04,RTL,radio,124,2.066666666666667,31220,Autres
PARTI PIRATE,00:00:27,RTL,radio,27,0.45,31220,Autres
"POUR UN MONDE SANS FRONTIERES NI PATRONS, URGENCE REVOLUTION!",00:01:07,RTL,radio,67,1.1166666666666667,31220,gauche radicale
REVEILLER L?EUROPE,00:40:22,RTL,radio,2422,40.36666666666667,31220,Sociaux Democrate
ALLIANCE RURALE,00:00:09,RadioClassique,radio,9,0.15,1807,Autres
BESOIN D?EUROPE,00:04:49,RadioClassique,radio,289,4.816666666666666,1807,Centriste et Liberaux
CHANGER L?EUROPE,00:00:26,RadioClassique,radio,26,0.43333333333333335,1807,Sociaux Democrate
DEFENDRE LES ENFANTS,00:00:12,RadioClassique,radio,12,0.2,1807,Autres
DEMOCRATIE REPRESENTATIVE,00:00:18,RadioClassique,radio,18,0.3,1807,Autres
ECOLOGIE POSITIVE ET TERRITOIRES,00:00:11,RadioClassique,radio,11,0.18333333333333332,1807,Ecologiste et Regionaliste
ESPERANTO LANGUE COMMUNE,00:00:10,RadioClassique,radio,10,0.16666666666666666,1807,Autres
EUROPE ECOLOGIE,00:02:31,RadioClassique,radio,151,2.5166666666666666,1807,Ecologiste et Regionaliste
FORTERESSE EUROPE - LISTE D?UNITE NATIONALISTE,00:00:15,RadioClassique,radio,15,0.25,1807,Extreme droite - Divers
FRANCE LIBRE,00:00:10,RadioClassique,radio,10,0.16666666666666666,1807,Extreme droite - Divers
FREE PALESTINE,00:00:11,RadioClassique,radio,11,0.18333333333333332,1807,Autres
GAUCHE UNIE POUR LE MONDE DU TRAVAIL SOUTENUE PAR FABIEN ROUSSEL,00:01:02,RadioClassique,radio,62,1.0333333333333334,1807,gauche radicale
LA DROITE POUR FAIRE ENTENDRE LA VOIX DE LA FRANCE EN EUROPE,00:02:52,RadioClassique,radio,172,2.8666666666666667,1807,Les conservateurs
LA FRANCE INSOUMISE - UNION POPULAIRE,00:03:49,RadioClassique,radio,229,3.816666666666667,1807,gauche radicale
LA FRANCE REVIENT! AVEC JORDAN BARDELLA ET MARINE LE PEN,00:04:39,RadioClassique,radio,279,4.65,1807,Extreme droite - Divers
LA RUCHE CITOYENNE,00:00:15,RadioClassique,radio,15,0.25,1807,Autres
LIBERTE DEMOCRATIQUE FRANCAISE,00:00:14,RadioClassique,radio,14,0.23333333333333334,1807,Autres
"LISTE ASSELINEAU-FREXIT, POUR LE POUVOIR D?ACHAT ET POUR LA PAIX",00:00:08,RadioClassique,radio,8,0.13333333333333333,1807,Autres
LUTTE OUVRIERE LE CAMP DES TRAVAILLEURS,00:00:12,RadioClassique,radio,12,0.2,1807,gauche radicale
"NON A L?UE ET A L?OTAN, COMMUNISTES POUR LA PAIX ET LE PROGRES SOCIAL",00:00:13,RadioClassique,radio,13,0.21666666666666667,1807,gauche radicale
NON! PRENONS-NOUS EN MAINS,00:00:16,RadioClassique,radio,16,0.26666666666666666,1807,Extreme droite - Divers
NOUS LE PEUPLE,00:00:11,RadioClassique,radio,11,0.18333333333333332,1807,Autres
"PACE - PARTI DES CITOYENS EUROPEENS, POUR L?ARMEE EUROPEENNE, POUR L?EUROPE SOCIALE, POUR LA PLANETE!",00:00:19,RadioClassique,radio,19,0.31666666666666665,1807,Sociaux Democrate
PAIX ET DECROISSANCE,00:00:19,RadioClassique,radio,19,0.31666666666666665,1807,Autres
"PARTI ANIMALISTE - LES ANIMAUX COMPTENT, VOTRE VOIX AUSSI",00:00:13,RadioClassique,radio,13,0.21666666666666667,1807,Autres
PARTI PIRATE,00:00:27,RadioClassique,radio,27,0.45,1807,Autres
PARTI REVOLUTIONNAIRE COMMUNISTES,00:00:20,RadioClassique,radio,20,0.3333333333333333,1807,gauche radicale
"POUR UN MONDE SANS FRONTIERES NI PATRONS, URGENCE REVOLUTION!",00:00:11,RadioClassique,radio,11,0.18333333333333332,1807,gauche radicale
POUR UNE AUTRE EUROPE,00:00:13,RadioClassique,radio,13,0.21666666666666667,1807,Autres
POUR UNE DEMOCRATIE REELLE: DECIDONS NOUS-MEMES!,00:00:16,RadioClassique,radio,16,0.26666666666666666,1807,Autres
POUR UNE HUMANITE SOUVERAINE,00:00:13,RadioClassique,radio,13,0.21666666666666667,1807,Autres
REVEILLER L?EUROPE,00:02:20,RadioClassique,radio,140,2.3333333333333335,1807,Sociaux Democrate
ALLIANCE RURALE,00:07:32,SudRadio,radio,452,7.533333333333333,31601,Autres
BESOIN D?EUROPE,02:04:19,SudRadio,radio,7459,124.31666666666666,31601,Centriste et Liberaux
CHANGER L?EUROPE,00:07:00,SudRadio,radio,420,7.0,31601,Sociaux Democrate
DEFENDRE LES ENFANTS,00:01:30,SudRadio,radio,90,1.5,31601,Autres
ECOLOGIE POSITIVE ET TERRITOIRES,00:01:26,SudRadio,radio,86,1.4333333333333333,31601,Ecologiste et Regionaliste
EUROPE ECOLOGIE,00:29:00,SudRadio,radio,1740,29.0,31601,Ecologiste et Regionaliste
FRANCE LIBRE,00:04:00,SudRadio,radio,240,4.0,31601,Extreme droite - Divers
GAUCHE UNIE POUR LE MONDE DU TRAVAIL SOUTENUE PAR FABIEN ROUSSEL,00:10:35,SudRadio,radio,635,10.583333333333334,31601,gauche radicale
LA DROITE POUR FAIRE ENTENDRE LA VOIX DE LA FRANCE EN EUROPE,00:40:45,SudRadio,radio,2445,40.75,31601,Les conservateurs
LA FRANCE INSOUMISE - UNION POPULAIRE,00:53:14,SudRadio,radio,3194,53.233333333333334,31601,gauche radicale
LA FRANCE REVIENT! AVEC JORDAN BARDELLA ET MARINE LE PEN,01:54:20,SudRadio,radio,6860,114.33333333333333,31601,Extreme droite - Divers
LA RUCHE CITOYENNE,00:00:30,SudRadio,radio,30,0.5,31601,Autres
"LISTE ASSELINEAU-FREXIT, POUR LE POUVOIR D?ACHAT ET POUR LA PAIX",00:13:00,SudRadio,radio,780,13.0,31601,Autres
LUTTE OUVRIERE LE CAMP DES TRAVAILLEURS,00:04:52,SudRadio,radio,292,4.866666666666666,31601,gauche radicale
NOUS LE PEUPLE,00:05:00,SudRadio,radio,300,5.0,31601,Autres
"PARTI ANIMALISTE - LES ANIMAUX COMPTENT, VOTRE VOIX AUSSI",00:07:00,SudRadio,radio,420,7.0,31601,Autres
PARTI PIRATE,00:01:16,SudRadio,radio,76,1.2666666666666666,31601,Autres
"POUR UN MONDE SANS FRONTIERES NI PATRONS, URGENCE REVOLUTION!",00:01:20,SudRadio,radio,80,1.3333333333333333,31601,gauche radicale
POUR UNE DEMOCRATIE REELLE: DECIDONS NOUS-MEMES!,00:01:30,SudRadio,radio,90,1.5,31601,Autres
REVEILLER L?EUROPE,00:48:23,SudRadio,radio,2903,48.38333333333333,31601,Sociaux Democrate
ALLIANCE RURALE,00:01:57,TF1,TV généraliste,117,1.95,14543,Autres
BESOIN D?EUROPE,00:37:54,TF1,TV généraliste,2274,37.9,14543,Centriste et Liberaux
CHANGER L?EUROPE,00:01:03,TF1,TV généraliste,63,1.05,14543,Sociaux Democrate
ECOLOGIE POSITIVE ET TERRITOIRES,00:00:56,TF1,TV généraliste,56,0.9333333333333333,14543,Ecologiste et Regionaliste
EUROPE ECOLOGIE,00:22:40,TF1,TV généraliste,1360,22.666666666666668,14543,Ecologiste et Regionaliste
GAUCHE UNIE POUR LE MONDE DU TRAVAIL SOUTENUE PAR FABIEN ROUSSEL,00:10:21,TF1,TV généraliste,621,10.35,14543,gauche radicale
LA DROITE POUR FAIRE ENTENDRE LA VOIX DE LA FRANCE EN EUROPE,00:22:44,TF1,TV généraliste,1364,22.733333333333334,14543,Les conservateurs
LA FRANCE INSOUMISE - UNION POPULAIRE,00:19:49,TF1,TV généraliste,1189,19.816666666666666,14543,gauche radicale
LA FRANCE REVIENT! AVEC JORDAN BARDELLA ET MARINE LE PEN,01:00:34,TF1,TV généraliste,3634,60.56666666666667,14543,Extreme droite - Divers
"LISTE ASSELINEAU-FREXIT, POUR LE POUVOIR D?ACHAT ET POUR LA PAIX",00:01:30,TF1,TV généraliste,90,1.5,14543,Autres
LUTTE OUVRIERE LE CAMP DES TRAVAILLEURS,00:01:03,TF1,TV généraliste,63,1.05,14543,gauche radicale
NOUS LE PEUPLE,00:00:30,TF1,TV généraliste,30,0.5,14543,Autres
"PARTI ANIMALISTE - LES ANIMAUX COMPTENT, VOTRE VOIX AUSSI",00:02:58,TF1,TV généraliste,178,2.966666666666667,14543,Autres
"POUR UN MONDE SANS FRONTIERES NI PATRONS, URGENCE REVOLUTION!",00:01:03,TF1,TV généraliste,63,1.05,14543,gauche radicale
REVEILLER L?EUROPE,00:29:15,TF1,TV généraliste,1755,29.25,14543,Sociaux Democrate
ALLIANCE RURALE,00:02:24,TMC,TV généraliste,144,2.4,14341,Autres
BESOIN D?EUROPE,00:42:54,TMC,TV généraliste,2574,42.9,14341,Centriste et Liberaux
CHANGER L?EUROPE,00:01:03,TMC,TV généraliste,63,1.05,14341,Sociaux Democrate
ECOLOGIE POSITIVE ET TERRITOIRES,00:00:34,TMC,TV généraliste,34,0.5666666666666667,14341,Ecologiste et Regionaliste
EUROPE ECOLOGIE,00:21:00,TMC,TV généraliste,1260,21.0,14341,Ecologiste et Regionaliste
GAUCHE UNIE POUR LE MONDE DU TRAVAIL SOUTENUE PAR FABIEN ROUSSEL,00:06:25,TMC,TV généraliste,385,6.416666666666667,14341,gauche radicale
LA DROITE POUR FAIRE ENTENDRE LA VOIX DE LA FRANCE EN EUROPE,00:25:24,TMC,TV généraliste,1524,25.4,14341,Les conservateurs
LA FRANCE INSOUMISE - UNION POPULAIRE,00:18:54,TMC,TV généraliste,1134,18.9,14341,gauche radicale
LA FRANCE REVIENT! AVEC JORDAN BARDELLA ET MARINE LE PEN,01:01:40,TMC,TV généraliste,3700,61.666666666666664,14341,Extreme droite - Divers
"LISTE ASSELINEAU-FREXIT, POUR LE POUVOIR D?ACHAT ET POUR LA PAIX",00:01:43,TMC,TV généraliste,103,1.7166666666666666,14341,Autres
LUTTE OUVRIERE LE CAMP DES TRAVAILLEURS,00:01:13,TMC,TV généraliste,73,1.2166666666666666,14341,gauche radicale
NOUS LE PEUPLE,00:00:24,TMC,TV généraliste,24,0.4,14341,Autres
"PARTI ANIMALISTE - LES ANIMAUX COMPTENT, VOTRE VOIX AUSSI",00:03:20,TMC,TV généraliste,200,3.3333333333333335,14341,Autres
"POUR UN MONDE SANS FRONTIERES NI PATRONS, URGENCE REVOLUTION!",00:01:06,TMC,TV généraliste,66,1.1,14341,gauche radicale
REVEILLER L?EUROPE,00:25:29,TMC,TV généraliste,1529,25.483333333333334,14341,Sociaux Democrate
BESOIN D?EUROPE,01:08:53,TV5Monde,TV généraliste,4133,68.88333333333334,20230,Centriste et Liberaux
EUROPE ECOLOGIE,00:31:25,TV5Monde,TV généraliste,1885,31.416666666666668,20230,Ecologiste et Regionaliste
GAUCHE UNIE POUR LE MONDE DU TRAVAIL SOUTENUE PAR FABIEN ROUSSEL,00:07:06,TV5Monde,TV généraliste,426,7.1,20230,gauche radicale
LA DROITE POUR FAIRE ENTENDRE LA VOIX DE LA FRANCE EN EUROPE,00:33:32,TV5Monde,TV généraliste,2012,33.53333333333333,20230,Les conservateurs
LA FRANCE INSOUMISE - UNION POPULAIRE,00:32:36,TV5Monde,TV généraliste,1956,32.6,20230,gauche radicale
LA FRANCE REVIENT! AVEC JORDAN BARDELLA ET MARINE LE PEN,01:36:19,TV5Monde,TV généraliste,5779,96.31666666666666,20230,Extreme droite - Divers
"PACE - PARTI DES CITOYENS EUROPEENS, POUR L?ARMEE EUROPEENNE, POUR L?EUROPE SOCIALE, POUR LA PLANETE!",00:00:10,TV5Monde,TV généraliste,10,0.16666666666666666,20230,Sociaux Democrate
PARTI PIRATE,00:00:17,TV5Monde,TV généraliste,17,0.2833333333333333,20230,Autres
"POUR UN MONDE SANS FRONTIERES NI PATRONS, URGENCE REVOLUTION!",00:00:09,TV5Monde,TV généraliste,9,0.15,20230,gauche radicale
REVEILLER L?EUROPE,00:48:57,TV5Monde,TV généraliste,2937,48.95,20230,Sociaux Democrate
ALLIANCE RURALE,00:19:56,franceinfo_,TV info continue,1196,19.933333333333334,128677,Autres
BESOIN D?EUROPE,05:30:38,franceinfo_,TV info continue,19838,330.6333333333333,128677,Centriste et Liberaux
CHANGER L?EUROPE,00:09:28,franceinfo_,TV info continue,568,9.466666666666667,128677,Sociaux Democrate
DEFENDRE LES ENFANTS,00:01:02,franceinfo_,TV info continue,62,1.0333333333333334,128677,Autres
DEMOCRATIE REPRESENTATIVE,00:00:22,franceinfo_,TV info continue,22,0.36666666666666664,128677,Autres
ECOLOGIE POSITIVE ET TERRITOIRES,00:00:56,franceinfo_,TV info continue,56,0.9333333333333333,128677,Ecologiste et Regionaliste
ESPERANTO LANGUE COMMUNE,00:00:20,franceinfo_,TV info continue,20,0.3333333333333333,128677,Autres
EUROPE ECOLOGIE,03:12:39,franceinfo_,TV info continue,11559,192.65,128677,Ecologiste et Regionaliste
FORTERESSE EUROPE - LISTE D?UNITE NATIONALISTE,00:01:10,franceinfo_,TV info continue,70,1.1666666666666667,128677,Extreme droite - Divers
FRANCE LIBRE,00:01:05,franceinfo_,TV info continue,65,1.0833333333333333,128677,Extreme droite - Divers
FREE PALESTINE,00:00:11,franceinfo_,TV info continue,11,0.18333333333333332,128677,Autres
GAUCHE UNIE POUR LE MONDE DU TRAVAIL SOUTENUE PAR FABIEN ROUSSEL,01:44:53,franceinfo_,TV info continue,6293,104.88333333333334,128677,gauche radicale
LA DROITE POUR FAIRE ENTENDRE LA VOIX DE LA FRANCE EN EUROPE,03:23:50,franceinfo_,TV info continue,12230,203.83333333333334,128677,Les conservateurs
LA FRANCE INSOUMISE - UNION POPULAIRE,03:23:20,franceinfo_,TV info continue,12200,203.33333333333334,128677,gauche radicale
LA FRANCE REVIENT! AVEC JORDAN BARDELLA ET MARINE LE PEN,06:18:34,franceinfo_,TV info continue,22714,378.56666666666666,128677,Extreme droite - Divers
LA RUCHE CITOYENNE,00:02:53,franceinfo_,TV info continue,173,2.8833333333333333,128677,Autres
LIBERTE DEMOCRATIQUE FRANCAISE,00:01:55,franceinfo_,TV info continue,115,1.9166666666666667,128677,Autres
"LISTE ASSELINEAU-FREXIT, POUR LE POUVOIR D?ACHAT ET POUR LA PAIX",00:09:09,franceinfo_,TV info continue,549,9.15,128677,Autres
LUTTE OUVRIERE LE CAMP DES TRAVAILLEURS,00:25:11,franceinfo_,TV info continue,1511,25.183333333333334,128677,gauche radicale
"NON A L?UE ET A L?OTAN, COMMUNISTES POUR LA PAIX ET LE PROGRES SOCIAL",00:01:47,franceinfo_,TV info continue,107,1.7833333333333334,128677,gauche radicale
NON! PRENONS-NOUS EN MAINS,00:01:51,franceinfo_,TV info continue,111,1.85,128677,Extreme droite - Divers
NOUS LE PEUPLE,00:00:29,franceinfo_,TV info continue,29,0.48333333333333334,128677,Autres
"PACE - PARTI DES CITOYENS EUROPEENS, POUR L?ARMEE EUROPEENNE, POUR L?EUROPE SOCIALE, POUR LA PLANETE!",00:01:08,franceinfo_,TV info continue,68,1.1333333333333333,128677,Sociaux Democrate
PAIX ET DECROISSANCE,00:03:37,franceinfo_,TV info continue,217,3.6166666666666667,128677,Autres
"PARTI ANIMALISTE - LES ANIMAUX COMPTENT, VOTRE VOIX AUSSI",00:29:18,franceinfo_,TV info continue,1758,29.3,128677,Autres
PARTI PIRATE,00:01:39,franceinfo_,TV info continue,99,1.65,128677,Autres
PARTI REVOLUTIONNAIRE COMMUNISTES,00:01:39,franceinfo_,TV info continue,99,1.65,128677,gauche radicale
"POUR UN MONDE SANS FRONTIERES NI PATRONS, URGENCE REVOLUTION!",00:00:43,franceinfo_,TV info continue,43,0.7166666666666667,128677,gauche radicale
POUR UNE AUTRE EUROPE,00:01:34,franceinfo_,TV info continue,94,1.5666666666666667,128677,Autres
POUR UNE DEMOCRATIE REELLE: DECIDONS NOUS-MEMES!,00:02:22,franceinfo_,TV info continue,142,2.3666666666666667,128677,Autres
POUR UNE HUMANITE SOUVERAINE,00:00:21,franceinfo_,TV info continue,21,0.35,128677,Autres
REVEILLER L?EUROPE,04:31:27,franceinfo_,TV info continue,16287,271.45,128677,Sociaux Democrate
